complaint_id,timestamp,redacted_text,predicted_category,predicted_sub_issue,domain_confidence,tfidf_prediction,sbert_prediction,distilbert_prediction,needs_review,review_reason,num_entities_redacted,PERSON,EMAIL_ADDRESS,PHONE_NUMBER,ACCOUNT_NUMBER,AADHAAR_NUMBER,COMPLAINT_ID,CREDIT_CARD,CREDENTIAL,resolved
CMP-2026-3B6C5,2026-09-08T10:41:11.597422,i was charged twice for my credit card bills from my account number 2324563 of $500 and my mobile number is [DATE_TIME],Credit/Prepaid card,Advertising,0.3309,Credit/Prepaid card,Credit/Prepaid card,Credit/Prepaid card,False,,2,,,,,,,,,False
CMP-2026-B04B0,2026-09-09T17:50:58.059609,i am not being able to login into my account due to invalid credentials which turns out to be the correct credentials i have saved the login credentials are username: [PERSON] and password is 787473,Credit reporting,Incorrect information on your report,0.1366,Money transfer,Money transfer,Bank account/service,True,"Models disagree: predictions split across Money transfer, Bank account/service.",1,,,,,,,,,True
CMP-2026-90122,2026-09-11T10:35:42.364563,My name is [PERSON] and I was charged twice for my credit card payment. Please refund the extra charge.,Credit/Prepaid card,Problem when making payments,0.5605,Credit/Prepaid card,Credit/Prepaid card,Credit/Prepaid card,False,,1,,,,,,,,,False
CMP-2026-02291,2026-09-11T10:42:40.254698,"I am writing to report an issue with my credit card payment. I made a payment of ₹18,500 toward my credit card bill on [DATE_TIME], and the amount was successfully deducted from my bank account. However, when I checked my credit card account [DATE_TIME], I noticed that the same payment appeared to have been charged twice. I have checked my bank statement and can see two separate transactions for the same amount, even though I made the payment only once. I am concerned that the duplicate charge may affect my outstanding balance and available credit limit. I have already tried contacting customer support, but I have not received a clear explanation or confirmation about when the extra amount will be refunded. I request that you investigate the duplicate transaction, correct my account balance, and refund the additional amount that was charged. My name is [PERSON] and my phone number is [UK_NHS].",Credit/Prepaid card,Problem when making payments,0.53,Credit/Prepaid card,Credit/Prepaid card,Credit/Prepaid card,False,,6,,,,,,,,,False
CMP-2026-A6A29,2026-09-11T10:59:59.275144,i was charged twice for my credit card bills from my account number 2324563 of $500 and my mobile number is [DATE_TIME],Credit/Prepaid card,Advertising,0.3309,Credit/Prepaid card,Credit/Prepaid card,Credit/Prepaid card,False,,2,,,,,,,,,False
TEST-123,2026-09-15T12:52:42.522283,test text with <PERSON>,Debt collection,Test sub,0.99,Debt collection,Debt collection,Debt collection,False,,2,1.0,0.0,1.0,0.0,0.0,0.0,0.0,0.0,False
CMP-2026-9760D,2026-09-15T13:04:24.103892,My name is [PERSON] and I keep getting calls from a debt collector about a loan I already paid off [DATE_TIME]. They called my workplace three times [DATE_TIME] even though I told them not to contact me there. You can reach me at [UK_NHS] if you need to verify my account. I want this harassment to stop immediately and I want written confirmation that this debt has been cleared.,Debt collection,Communication tactics,0.3699,Debt collection,Debt collection,Debt collection,False,,6,1.0,0.0,1.0,0.0,0.0,0.0,0.0,0.0,False
CMP-2026-C358B,2026-09-16T10:07:36.901464,My name is [PERSON] and I keep getting calls from a debt collector about a loan I already paid off [DATE_TIME]. They called my workplace three times [DATE_TIME] even though I told them not to contact me there. You can reach me at [UK_NHS] if you need to verify my account. I want this harassment to stop immediately and I want written confirmation that this debt has been cleared and [CREDENTIAL],Debt collection,Communication tactics,0.3699,Debt collection,Debt collection,Debt collection,False,,7,1.0,0.0,1.0,0.0,0.0,0.0,0.0,1.0,False
CMP-2026-91C47,2026-09-16T10:24:11.646592,"My name is [PERSON] and my mortgage servicer transferred my loan to a new company without any notice. The new servicer is now saying I missed two payments, but I have proof I paid on time every month. When I called to explain, the representative said they don't have records from before the transfer and I need to resolve it myself. This is affecting my credit score and I need this corrected immediately. My number is [PHONE_NUMBER].
",Mortgage,Closing on a mortgage,0.219,Mortgage,Vehicle loan or lease,Mortgage,True,"Models disagree: predictions split across Mortgage, Vehicle loan or lease.",2,1.0,0.0,1.0,0.0,0.0,0.0,0.0,0.0,False
CMP-2026-D43DA,2026-09-16T10:26:00.798543,"My name is [PERSON] and my mortgage servicer transferred my loan to a new company without any notice. The new servicer is now saying I missed two payments, but I have proof I paid on time every month. When I called to explain, the representative said they don't have records from before the transfer and I need to resolve it myself. This is affecting my credit score and I need this corrected immediately. My number is [PHONE_NUMBER].",Mortgage,Closing on a mortgage,0.219,Mortgage,Vehicle loan or lease,Mortgage,True,"Models disagree: predictions split across Mortgage, Vehicle loan or lease.",2,1.0,0.0,1.0,0.0,0.0,0.0,0.0,0.0,False
CMP-2026-9AABB,2026-09-16T10:28:24.348392,"My name is [PERSON] and my mortgage servicer transferred my loan to a new company without any notice. The new servicer is now saying I missed two payments, but I have proof I paid on time every month. When I called to explain, the representative said they don't have records from before the transfer and I need to resolve it myself. This is affecting my credit score and I need this corrected immediately. My number is [PHONE_NUMBER].",Mortgage,Closing on a mortgage,0.219,Mortgage,Vehicle loan or lease,Mortgage,True,"Models disagree: predictions split across Mortgage, Vehicle loan or lease.",2,1.0,0.0,1.0,0.0,0.0,0.0,0.0,0.0,False
CMP-2026-61722,2026-09-16T10:36:33.968340,"My name is [PERSON] and I have been trying to enroll in an income-driven repayment plan for [DATE_TIME]. Every time I submit the required documents, the servicer claims they never received them and asks me to resubmit everything again. Meanwhile, my loan is still accruing interest and I am worried about falling behind. Please contact me at [DATE_TIME] to resolve this as soon as possible.",Student loan,Dealing with my lender or servicer,0.2326,Student loan,Student loan,Student loan,False,,4,1.0,0.0,1.0,0.0,0.0,0.0,0.0,0.0,False
CMP-2026-0998C,2026-09-16T14:18:00.184930,my friend [PERSON] is suffering from heart attack and i am trying to contact 911 and my phone number is 82700111124 please reach me back as soon as possible and my contact details are [EMAIL_ADDRESS] and my gmail [CREDENTIAL],Debt collection,Communication tactics,0.2806,Debt collection,Debt collection,Debt collection,False,,5,1.0,1.0,0.0,0.0,0.0,0.0,0.0,1.0,False
CMP-2026-7F894,2026-09-16T14:20:55.838107,my friend [PERSON] is suffering from heart attack and i am trying to contact 911 and my phone number is 82700111124 please reach me back as soon as possible and my contact details are [EMAIL_ADDRESS] and my gmail [CREDENTIAL],Debt collection,Communication tactics,0.2806,Debt collection,Debt collection,Debt collection,False,,5,1.0,1.0,0.0,0.0,0.0,0.0,0.0,1.0,False
CMP-2026-27661,2026-09-16T16:12:08.970813,"I am writing to report an issue with a recent payment made through my account. My name is [PERSON] and my account number is [PHONE_NUMBER]. On [DATE_TIME], I made a payment of ₹8,500 to a merchant using my debit card. The payment initially showed as failed, so I attempted the transaction again. Although the application displayed only one successful transaction, ₹8,500 was deducted twice from my account. I contacted customer support through the helpline and was told that the additional amount would be reversed within [DATE_TIME], but I have still not received the refund.",Money transfer,Other service problem,0.1612,Bank account/service,Credit/Prepaid card,Credit/Prepaid card,True,"Models disagree: predictions split across Bank account/service, Credit/Prepaid card.",4,1.0,0.0,1.0,0.0,0.0,0.0,0.0,0.0,False
CMP-2026-8C1C4,2026-09-16T16:13:37.228232,"I am writing to report an issue with a recent payment made through my account. My name is [PERSON] and my account number is [PHONE_NUMBER]. On [DATE_TIME], I made a payment of ₹8,500 to a merchant using my debit card. The payment initially showed as failed, so I attempted the transaction again. Although the application displayed only one successful transaction, ₹8,500 was deducted twice from my account. ",Bank account/service,Opening an account,0.1604,Bank account/service,Credit/Prepaid card,Credit/Prepaid card,True,"Models disagree: predictions split across Bank account/service, Credit/Prepaid card.",3,1.0,0.0,1.0,0.0,0.0,0.0,0.0,0.0,False
